{"summary": {"total_time_sec": 374.3163311481476, "typing_words": 81, "wpm": 12.983670750065405, "backspaces": 47, "keys_pressed": 465, "mouse_distance": 29536.316198646367, "app_switches": 50, "time_by_app_sec": {"windsurf.exe": 21.66901421546936, "opera.exe": 248.4652681350708, "explorer.exe": 22.050975561141968, "mmc.exe": 70.6148533821106, "hpaudioswitch.exe": 1.0018253326416016, "applicationframehost.exe": 10.514394521713257}}, "ts": 1763412692.7458475}