{"summary": {"total_time_sec": 25.03009009361267, "typing_words": 3, "wpm": 7.191344470866826, "backspaces": 0, "keys_pressed": 8, "mouse_distance": 7591.236418057626, "app_switches": 7, "time_by_app_sec": {"pycharm64.exe": 10.18034839630127, "msedge.exe": 4.074543476104736, "chrome.exe": 10.2614164352417, "explorer.exe": 0.5137817859649658}}, "ts": 1763176944.828695}