{"exe": "windsurf.exe", "title": "Performance_Meter - Windsurf - rules.txt", "start_ts": 1763412318.3269558, "end_ts": 1763412331.8469458, "duration_sec": 13.519989967346191, "words_typed": 0, "backspaces": 0, "keys_pressed": 0, "mouse_distance": 503.18202148694525}
{"exe": "opera.exe", "title": "read and write ntfs formatted external drives on mac using native or 3rd party... - Opera", "start_ts": 1763412331.8469458, "end_ts": 1763412335.852141, "duration_sec": 4.005195140838623, "words_typed": 0, "backspaces": 0, "keys_pressed": 0, "mouse_distance": 1470.1055549361383}
{"exe": "opera.exe", "title": "Opus - AI Workflow and Business Automation Platform | Opus - Opera", "start_ts": 1763412335.852141, "end_ts": 1763412336.8530018, "duration_sec": 1.0008609294891357, "words_typed": 0, "backspaces": 0, "keys_pressed": 0, "mouse_distance": 254.7677213450725}
{"exe": "opera.exe", "title": "Applied AI - Opera", "start_ts": 1763412336.8530018, "end_ts": 1763412339.8589947, "duration_sec": 3.005992889404297, "words_typed": 0, "backspaces": 0, "keys_pressed": 0, "mouse_distance": 2799.336540918229}
{"exe": "opera.exe", "title": "read and write ntfs formatted external drives on mac using native or 3rd party... - Opera", "start_ts": 1763412339.8589947, "end_ts": 1763412352.3801453, "duration_sec": 12.521150588989258, "words_typed": 0, "backspaces": 0, "keys_pressed": 0, "mouse_distance": 2037.4614436122038}
{"exe": "explorer.exe", "title": "", "start_ts": 1763412352.3801453, "end_ts": 1763412360.3929272, "duration_sec": 8.012781858444214, "words_typed": 0, "backspaces": 0, "keys_pressed": 2, "mouse_distance": 656.4591052381775}
{"exe": "mmc.exe", "title": "Disk Management", "start_ts": 1763412360.3929272, "end_ts": 1763412365.9019237, "duration_sec": 5.508996486663818, "words_typed": 0, "backspaces": 0, "keys_pressed": 0, "mouse_distance": 0.0}
{"exe": "opera.exe", "title": "read and write ntfs formatted external drives on mac using native or 3rd party... - Opera", "start_ts": 1763412365.9019237, "end_ts": 1763412445.5442042, "duration_sec": 79.64228057861328, "words_typed": 38, "backspaces": 28, "keys_pressed": 255, "mouse_distance": 2517.814931928197}
{"exe": "mmc.exe", "title": "Disk Management", "start_ts": 1763412445.5442042, "end_ts": 1763412474.087803, "duration_sec": 28.543598651885986, "words_typed": 0, "backspaces": 0, "keys_pressed": 0, "mouse_distance": 0.0}
{"exe": "explorer.exe", "title": "", "start_ts": 1763412474.087803, "end_ts": 1763412474.5887134, "duration_sec": 0.5009105205535889, "words_typed": 0, "backspaces": 0, "keys_pressed": 0, "mouse_distance": 697.7170666187359}
{"exe": "explorer.exe", "title": "Task View", "start_ts": 1763412474.5887134, "end_ts": 1763412475.5904717, "duration_sec": 1.001758337020874, "words_typed": 0, "backspaces": 0, "keys_pressed": 0, "mouse_distance": 395.34458511798096}
{"exe": "mmc.exe", "title": "Disk Management", "start_ts": 1763412475.5904717, "end_ts": 1763412476.0925653, "duration_sec": 0.5020935535430908, "words_typed": 0, "backspaces": 0, "keys_pressed": 0, "mouse_distance": 302.3072502419808}
{"exe": "explorer.exe", "title": "Task View", "start_ts": 1763412476.0925653, "end_ts": 1763412477.0962377, "duration_sec": 1.0036723613739014, "words_typed": 0, "backspaces": 0, "keys_pressed": 0, "mouse_distance": 174.68309225608175}
{"exe": "opera.exe", "title": "read and write ntfs formatted external drives on mac using native or 3rd party... - Opera", "start_ts": 1763412477.0962377, "end_ts": 1763412479.0995939, "duration_sec": 2.0033562183380127, "words_typed": 1, "backspaces": 0, "keys_pressed": 2, "mouse_distance": 295.24977519933765}
{"exe": "mmc.exe", "title": "Disk Management", "start_ts": 1763412479.0995939, "end_ts": 1763412490.1165948, "duration_sec": 11.017000913619995, "words_typed": 0, "backspaces": 0, "keys_pressed": 0, "mouse_distance": 0.0}
{"exe": "explorer.exe", "title": "", "start_ts": 1763412490.1165948, "end_ts": 1763412491.118739, "duration_sec": 1.0021440982818604, "words_typed": 0, "backspaces": 0, "keys_pressed": 0, "mouse_distance": 900.3090366456544}
{"exe": "explorer.exe", "title": "System tray overflow window.", "start_ts": 1763412491.118739, "end_ts": 1763412493.1218493, "duration_sec": 2.003110408782959, "words_typed": 0, "backspaces": 0, "keys_pressed": 0, "mouse_distance": 664.312724911792}
{"exe": "explorer.exe", "title": "", "start_ts": 1763412493.1218493, "end_ts": 1763412493.6227517, "duration_sec": 0.5009024143218994, "words_typed": 0, "backspaces": 0, "keys_pressed": 0, "mouse_distance": 0.0}
{"exe": "mmc.exe", "title": "Disk Management", "start_ts": 1763412493.6227517, "end_ts": 1763412496.1284134, "duration_sec": 2.505661725997925, "words_typed": 0, "backspaces": 0, "keys_pressed": 0, "mouse_distance": 0.0}
{"exe": "explorer.exe", "title": "", "start_ts": 1763412496.1284134, "end_ts": 1763412497.130261, "duration_sec": 1.001847505569458, "words_typed": 0, "backspaces": 0, "keys_pressed": 0, "mouse_distance": 545.7860978503505}
{"exe": "hpaudioswitch.exe", "title": "", "start_ts": 1763412497.130261, "end_ts": 1763412498.1320863, "duration_sec": 1.0018253326416016, "words_typed": 0, "backspaces": 0, "keys_pressed": 0, "mouse_distance": 138.30146598386438}
{"exe": "mmc.exe", "title": "Disk Management", "start_ts": 1763412498.1320863, "end_ts": 1763412501.6380289, "duration_sec": 3.5059425830841064, "words_typed": 0, "backspaces": 0, "keys_pressed": 0, "mouse_distance": 0.0}
{"exe": "explorer.exe", "title": "", "start_ts": 1763412501.6380289, "end_ts": 1763412503.141092, "duration_sec": 1.5030632019042969, "words_typed": 0, "backspaces": 0, "keys_pressed": 0, "mouse_distance": 356.05674776618883}
{"exe": "applicationframehost.exe", "title": "WhatsApp Beta", "start_ts": 1763412503.141092, "end_ts": 1763412504.6429856, "duration_sec": 1.5018935203552246, "words_typed": 0, "backspaces": 0, "keys_pressed": 0, "mouse_distance": 0.0}
{"exe": "mmc.exe", "title": "Disk Management", "start_ts": 1763412504.6429856, "end_ts": 1763412509.1509597, "duration_sec": 4.507974147796631, "words_typed": 0, "backspaces": 0, "keys_pressed": 0, "mouse_distance": 0.0}
{"exe": "opera.exe", "title": "read and write ntfs formatted external drives on mac using native or 3rd party... - Opera", "start_ts": 1763412509.1509597, "end_ts": 1763412510.1524382, "duration_sec": 1.0014784336090088, "words_typed": 0, "backspaces": 0, "keys_pressed": 0, "mouse_distance": 0.0}
{"exe": "mmc.exe", "title": "Disk Management", "start_ts": 1763412510.1524382, "end_ts": 1763412512.1558638, "duration_sec": 2.0034255981445312, "words_typed": 0, "backspaces": 0, "keys_pressed": 0, "mouse_distance": 0.0}
{"exe": "opera.exe", "title": "read and write ntfs formatted external drives on mac using native or 3rd party... - Opera", "start_ts": 1763412512.1558638, "end_ts": 1763412513.1571898, "duration_sec": 1.001326084136963, "words_typed": 0, "backspaces": 0, "keys_pressed": 0, "mouse_distance": 0.0}
{"exe": "mmc.exe", "title": "Disk Management", "start_ts": 1763412513.1571898, "end_ts": 1763412517.6653705, "duration_sec": 4.508180618286133, "words_typed": 0, "backspaces": 0, "keys_pressed": 0, "mouse_distance": 0.0}
{"exe": "explorer.exe", "title": "Task Switching", "start_ts": 1763412517.6653705, "end_ts": 1763412518.165969, "duration_sec": 0.5005984306335449, "words_typed": 0, "backspaces": 0, "keys_pressed": 0, "mouse_distance": 392.37417197757685}
{"exe": "opera.exe", "title": "read and write ntfs formatted external drives on mac using native or 3rd party... - Opera", "start_ts": 1763412518.165969, "end_ts": 1763412524.1765566, "duration_sec": 6.010587692260742, "words_typed": 1, "backspaces": 0, "keys_pressed": 6, "mouse_distance": 293.6931808160774}
{"exe": "mmc.exe", "title": "Disk Management", "start_ts": 1763412524.1765566, "end_ts": 1763412525.177588, "duration_sec": 1.0010313987731934, "words_typed": 0, "backspaces": 0, "keys_pressed": 0, "mouse_distance": 0.0}
{"exe": "explorer.exe", "title": "Task Switching",